Movie ID,Rank,Release Date,Title,Production Budget,Domestic Gross,Worldwide Gross,Main Genre,2nd Genre,3rd Genre,IMDB Rating,length,rank_in_year,rating,Studio,Year,Director
0,48,13-Feb-18,Black Panther,200000000,700059566,1336494320,Action,Adventure,Drama,7.4,135,1,PG-13,Walt Disney Pictures,2018,Ryan Coogler
1,5,25-Apr-18,Avengers: Infinity War,300000000,678815482,2048359754,Action,Adventure,Sci-Fi,8.5,156,2,PG-13,Walt Disney Pictures,2018,"Anthony Russo, Joe Russo"
2,50,15-Jun-18,Incredibles 2,200000000,608581744,1242805359,Animation,Action,Adventure,7.8,118,3,PG,Pixar,2018,Brad Bird
3,144,6-Jun-18,Jurassic World: Fallen Kingdom,170000000,417719760,1308323302,Action,Adventure,Drama,6.2,129,4,PG-13,Universal Pictures,2018,J.A. Bayona
4,11,23-May-18,Solo: A Star Wars Story,275000000,213767512,393151347,Action,Adventure,Drama,7.0,135,8,PG-13,Walt Disney Pictures,2018,Ron Howard
5,353,2-Oct-18,Venom,116000000,213511408,856081053,Action,Adventure,Drama,6.9,112,9,PG-13,Columbia Pictures,2018,Ruben Fleischer
6,353,2-Oct-18,Venom,116000000,213511408,856081053,Action,Adventure,Drama,6.9,112,9,PG-13,Columbia Pictures,2018,Ruben Fleischer
7,"2,517",16-Sep-05,Venom, 25000000, 881745, 881745,Action,Adventure,Drama,6.9,112,9,PG-13,Columbia Pictures,2018,Ruben Fleischer
8,"2,517",16-Sep-05,Venom, 25000000, 881745, 881745,Action,Adventure,Drama,6.9,112,9,PG-13,Columbia Pictures,2018,Ruben Fleischer
9,192,29-May-17,Wonder Woman,150000000,412563408,817691766,Action,Adventure,Drama,7.5,141,3,PG-13,Warner Bros,2017,Patty Jenkins
10,503,20-Dec-17,Jumanji: Welcome to the Jungle,90000000,404508916,961632807,Action,Adventure,Comedy,7.0,112,4,PG-13,Sony Pictures,2017,Jake Kasdan
11,127,5-Jul-17,Spider-Man: Homecoming,175000000,334201140,878271291,Action,Adventure,Drama,7.5,133,6,PG-13,Sony Pictures,2017,Jon Watts
12,1785,31-Aug-17,It,35000000,328828874,701012746,Horror,Drama,Mystery,7.4,135,7,R,Warner Bros,2017,Andy Muschietti
13,110,25-Oct-17,Thor: Ragnarok,180000000,315058289,850482778,Action,Adventure,Drama,7.9,130,8,PG-13,Walt Disney Pictures,2017,Taika Waititi
14,7,13-Nov-17,Justice League,300000000,229024295,655945209,Action,Adventure,Drama,6.5,110,10,PG-13,Warner Bros,2017,Zack Snyder
15,51,14-Dec-16,Rogue One: A Star Wars Story,200000000,533539991,1055083596,Action,Adventure,Drama,7.8,133,1,PG-13,Walt Disney Pictures,2016,Gareth Edwards
16,18,22-Apr-16,Captain America: Civil War,250000000,408084349,1151899586,Action,Adventure,Sci-Fi,7.8,146,3,PG-13,Walt Disney Pictures,2016,"Anthony Russo, Joe Russo"
17,1066,9-Feb-16,Deadpool,58000000,363070709,781947691,Action,Comedy,Adventure,8.0,103,6,R,20th Century Fox,2016,Tim Miller
18,194,10-Feb-16,Zootopia,150000000,341268248,1004629935,Animation,Action,Adventure,8.0,108,7,PG,Walt Disney Pictures,2016,"Byron Howard, Rich Moore, Jared Bush"
19,13,23-Mar-16,Batman v Superman: Dawn of Justice,263000000,330360194,872395091,Action,Adventure,Sci-Fi,6.5,151,8,PG-13,Warner Bros,2016,Zack Snyder
20,710,24-Nov-16,Sing,75000000,270329045,631064182,Animation,Music,Comedy,7.1,108,10,PG,Universal Pictures,2016,"Garth Jennings, Christophe Lourdelet"
21,710,24-Nov-16,Sing,75000000,270329045,631064182,Animation,Music,Comedy,7.1,108,10,PG,Universal Pictures,2016,"Garth Jennings, Christophe Lourdelet"
22,"6,249",Unknown,Sing, 84000, 0, 0,Animation,Music,Comedy,7.1,108,10,PG,Universal Pictures,2016,"Garth Jennings, Christophe Lourdelet"
23,"6,249",Unknown,Sing, 84000, 0, 0,Animation,Music,Comedy,7.1,108,10,PG,Universal Pictures,2016,"Garth Jennings, Christophe Lourdelet"
24,38,9-Jun-15,Jurassic World,215000000,652306625,1669963641,Action,Adventure,Mystery,7.0,123,2,PG-13,Universal Pictures,2015,Colin Trevorrow
25,3,22-Apr-15,Avengers: Age of Ultron,365000000,459005868,1395316979,Action,Adventure,Sci-Fi,7.4,141,3,PG-13,Walt Disney Pictures,2015,Joss Whedon
26,91,1-Apr-15,Furious 7,190000000,353007020,1514553486,Action,Adventure,Mystery,7.2,140,5,PG-13,Universal Pictures,2015,James Wan
27,761,17-Jun-15,Minions,74000000,336045770,1157271759,Animation,Comedy,Family,6.4,91,6,PG,Universal Pictures,2015,"Kyle Balda, Pierre Coffin"
28,173,18-Nov-15,The Hunger Games: Mockingjay - Part 2,160000000,281723902,648986787,Action,Adventure,Fantasy,6.6,137,7,PG-13,Lionsgate Films,2015,Francis Lawrence
29,41,25-Jun-14,Transformers: Age of Extinction,210000000,245439076,1104054072,Sci-Fi,Adventure,Action,5.8,165,1,PG-13,Paramount Pictures,2014,Michael Bay
30,145,31-Jul-14,Guardians of the Galaxy,170000000,333714112,770882395,Sci-Fi,Adventure,Action,8.1,121,3,PG-13,Walt Disney Pictures,2014,James Gunn
31,112,28-May-14,Maleficent,180000000,241407328,758536735,Fantasy,Adventure,Action,7.1,97,4,PG,Walt Disney Pictures,2014,Robert Stromberg
32,65,21-May-14,X-Men: Days of Future Past,200000000,233921534,747862775,Sci-Fi,Adventure,Action,8.1,131,6,PG-13,20th Century Fox,2014,Bryan Singer
33,147,28-Mar-14,Captain America: The Winter Soldier,170000000,259746958,714401889,Sci-Fi,Adventure,Action,7.8,136,7,PG-13,Walt Disney Pictures,2014,"Anthony Russo, Joe Russo"
34,66,16-Apr-14,The Amazing Spider-Man 2,200000000,202853933,708996336,Fantasy,Adventure,Action,6.9,142,8,PG-13,Columbia Pictures,2014,Marc Webb
35,148,9-Jul-14,Dawn of the Planet of the Apes,170000000,208545589,710644566,Sci-Fi,Drama,Action,7.7,130,9,PG-13,20th Century Fox,2014,Matt Reeves
36,193,22-Nov-13,Frozen,150000000,400953009,1261629241,Comedy,Animation,Adventure,7.7,102,1,PG,Walt Disney Pictures,2013,"Chris Buck, Jennifer Lee"
37,56,24-Apr-13,Iron Man 3,200000000,408992272,1215392272,Sci-Fi,Adventure,Action,7.3,130,2,PG-13,Walt Disney Pictures,2013,Shane Black
38,703,26-Jun-13,Despicable Me 2,76000000,368065385,975216835,Animation,Comedy,Animation,7.5,98,3,PG,Universal Pictures,2013,"Pierre Coffin, Chris Renaud"
39,63,21-Jun-13,Monsters University,200000000,268488329,743455810,Comedy,Animation,Adventure,7.4,104,7,G,Walt Disney Pictures,2013,Dan Scanlon
40,367,3-Oct-13,Gravity,110000000,274092705,688214291,Thriller,Sci-Fi,Western,7.9,91,8,PG-13,Warner Bros,2013,Alfonso Cuarón
41,32,14-Jun-13,Man of Steel,225000000,291045518,667999518,Fantasy,Adventure,Action,7.2,143,9,PG-13,Warner Bros,2013,Zack Snyder
42,204,30-Oct-13,Thor: The Dark World,150000000,206362140,644602516,Fantasy,Adventure,Action,7.1,112,10,PG-13,Walt Disney Pictures,2013,Alan Taylor
43,30,25-Apr-12,The Avengers,225000000,623357910,1515100211,Sci-Fi,Adventure,Action,8.2,143,1,PG-13,Walt Disney Pictures,2012,Joss Whedon
44,30,25-Apr-12,The Avengers,225000000,623357910,1515100211,Sci-Fi,Adventure,Action,8.2,143,1,PG-13,Walt Disney Pictures,2012,Joss Whedon
45,1040,14-Aug-98,The Avengers,60000000,23385416,48585416,Sci-Fi,Adventure,Action,8.2,143,1,PG-13,Walt Disney Pictures,2012,Joss Whedon
46,1040,14-Aug-98,The Avengers,60000000,23385416,48585416,Sci-Fi,Adventure,Action,8.2,143,1,PG-13,Walt Disney Pictures,2012,Joss Whedon
47,61,26-Oct-12,Skyfall,200000000,304360277,1110526981,Thriller,Adventure,Action,7.8,143,2,PG-13,Metro-Goldwyn-Mayer,2012,Sam Mendes
48,477,27-Jun-12,Ice Age: Continental Drift,95000000,161321843,879765137,Comedy,Animation,Adventure,6.7,88,5,PG,20th Century Fox,2012,"Steve Martino, Michael Thurmeier"
49,35,27-Jun-12,The Amazing Spider-Man,220000000,262030663,757890267,Fantasy,Adventure,Action,7.1,136,7,PG-13,Columbia Pictures,2012,Marc Webb
50,239,8-Jun-12,Madagascar 3: Europe's Most Wanted,145000000,216391482,746921271,Comedy,Adventure,Animation,7.0,93,8,PG,Paramount Pictures,2012,"Eric Darnell, Tom McGrath, Conrad Vernon"
51,39,23-May-12,Men in Black 3,215000000,179020854,654213485,Sci-Fi,Comedy,Action,6.9,106,10,PG-13,Columbia Pictures,2012,Barry Sonnenfeld
52,88,29-Jun-11,Transformers: Dark of the Moon,195000000,352390543,1123794079,Sci-Fi,Adventure,Action,6.3,154,2,PG-13,Paramount Pictures,2011,Michael Bay
53,2,20-May-11,Pirates of the Caribbean: On Stranger Tides,379000000,241071802,1045713802,Fantasy,Adventure,Action,6.7,136,3,PG-13,Walt Disney Pictures,2011,Rob Marshall
54,212,26-May-11,Kung Fu Panda 2,150000000,165249063,664837547,Animation,Adventure,Action,7.3,91,6,PG,Paramount Pictures,2011,Jennifer Yuh Nelson
55,312,21-Apr-11,Fast Five,125000000,210031325,630163454,Thriller,Crime,Action,7.3,131,7,PG-13,Universal Pictures,2011,Justin Lin
56,372,29-Jul-11,The Smurfs,110000000,142614158,563749323,Comedy,Animation,Adventure,5.5,103,9,PG,Columbia Pictures,2011,Raja Gosnell
57,67,23-Jun-11,Cars 2,200000000,191450875,560155383,Comedy,Animation,Adventure,6.3,106,10,G,Walt Disney Pictures,2011,"John Lasseter, Bradford Lewis"
58,54,18-Jun-10,Toy Story 3,200000000,415004880,1068879522,Comedy,Animation,Adventure,8.4,103,1,G,Walt Disney Pictures,2010,Lee Unkrich
59,60,4-Mar-10,Alice in Wonderland,200000000,334191110,1025491110,Fantasy,Family,Adventure,6.5,108,2,PG,Walt Disney Pictures,2010,Tim Burton
60,60,4-Mar-10,Alice in Wonderland,200000000,334191110,1025491110,Fantasy,Family,Adventure,6.5,108,2,PG,Walt Disney Pictures,2010,Tim Burton
61,"5,228",28-Jul-51,Alice in Wonderland, 3000000, 0, 0,Fantasy,Family,Adventure,6.5,108,2,PG,Walt Disney Pictures,2010,Tim Burton
62,"5,228",28-Jul-51,Alice in Wonderland, 3000000, 0, 0,Fantasy,Family,Adventure,6.5,108,2,PG,Walt Disney Pictures,2010,Tim Burton
63,172,16-Jul-10,Inception,160000000,292576195,728537960,Sci-Fi,Mystery,Action,8.8,148,4,PG-13,Warner Bros,2010,Christopher Nolan
64,159,21-May-10,Shrek Forever After,165000000,238736787,756244673,Comedy,Animation,Adventure,6.4,93,5,PG,Paramount Pictures,2010,Mike Mitchell
65,846,30-Jun-10,The Twilight Saga: Eclipse,68000000,300531751,706102828,Fantasy,Drama,Adventure,4.9,124,6,PG-13,Lionsgate Films,2010,David Slade
66,146,7-May-10,Iron Man 2,170000000,312433331,621156389,Sci-Fi,Adventure,Action,7.1,124,7,PG-13,Paramount Pictures,2010,Jon Favreau
67,16,24-Nov-10,Tangled,260000000,200821936,583777242,Animation,Comedy,Animation,7.8,100,8,PG,Walt Disney Pictures,2010,"Nathan Greno, Byron Howard"
68,843,9-Jul-10,Despicable Me,69000000,251513985,543464573,Animation,Comedy,Animation,7.7,95,9,PG,Universal Pictures,2010,"Pierre Coffin, Chris Renaud"
69,162,26-Mar-10,How to Train Your Dragon,165000000,217581232,494870992,Animation,Animation,Adventure,8.2,98,10,PG,Paramount Pictures,2010,"Dean DeBlois, Chris Sanders"
70,25,17-Dec-09,Avatar,237000000,785221649,2910317765,Fantasy,Adventure,Action,7.9,162,1,PG-13,20th Century Fox,2009,James Cameron
71,20,15-Jul-09,Harry Potter and the Half-Blood Prince,250000000,302089278,929411069,Fantasy,Family,Adventure,7.5,153,2,PG,Warner Bros,2009,David Yates
72,509,1-Jul-09,Ice Age: Dawn of the Dinosaurs,90000000,196573705,886686817,Animation,Adventure,Action,7.0,94,3,PG,20th Century Fox,2009,"Carlos Saldanha, Michael Thurmeier"
73,40,24-Jun-09,Transformers: Revenge of the Fallen,210000000,402111870,836519699,Sci-Fi,Adventure,Action,6.0,150,4,PG-13,Paramount Pictures,2009,Michael Bay
74,72,12-Nov-09,2012,200000000,166112167,757677748,Sci-Fi,Adventure,Action,5.8,158,5,PG-13,Columbia Pictures,2009,Roland Emmerich
75,129,28-May-09,Up,175000000,293004164,731463377,Comedy,Animation,Adventure,8.3,96,6,PG,Pixar,2009,"Pete Docter, Bob Peterson"
76,1196,19-Nov-09,The Twilight Saga: New Moon,50000000,296623634,687557727,Fantasy,Drama,Adventure,4.6,130,7,PG-13,Lionsgate Films,2009,Chris Weitz
77,507,25-Dec-09,Sherlock Holmes,90000000,209028679,498438212,Crime,Adventure,Action,7.6,128,8,PG-13,Warner Bros,2009,Guy Ritchie
78,100,11-Jul-08,The Dark Knight,185000000,533720947,998615789,Drama,Crime,Action,9.0,152,1,PG-13,Warner Bros,2008,Christopher Nolan
79,286,6-Jun-08,Kung Fu Panda,130000000,215434591,631910531,Animation,Adventure,Action,7.6,92,3,PG,Paramount Pictures,2008,"Mark Osborne, John Stevenson"
80,1181,2-Jul-08,Mamma Mia!,52000000,144130063,598421187,Romance,Musical,Comedy,6.4,108,5,PG-13,Universal Pictures,2008,Phyllida Lloyd
81,209,7-Nov-08,Madagascar: Escape 2 Africa,150000000,180174880,599680774,Animation,Adventure,Action,6.7,89,6,PG,Paramount Pictures,2008,"Eric Darnell, Tom McGrath"
82,99,2-May-08,Iron Man,186000000,318604126,585171547,Sci-Fi,Adventure,Action,7.9,126,8,PG-13,Paramount Pictures,2008,Jon Favreau
83,114,27-Jun-08,WALL-E,180000000,223808164,532508025,Animation,Animation,Adventure,8.4,98,9,G,Pixar,2008,Andrew Stanton
84,33,16-May-08,The Chronicles of Narnia: Prince Caspian,225000000,141621490,417341288,Family,Adventure,Action,6.6,150,10,PG,Walt Disney Pictures,2008,Andrew Adamson
85,195,11-Jul-07,Harry Potter and the Order of the Phoenix,150000000,292137260,939619849,Fantasy,Family,Adventure,7.4,138,2,PG-13,Warner Bros,2007,David Yates
86,171,17-May-07,Shrek the Third,160000000,322719944,807330936,Comedy,Animation,Adventure,6.1,93,4,PG,DreamWorks,2007,"Chris Miller, Raman Hui"
87,190,2-Jul-07,Transformers,151000000,319246193,708272592,Sci-Fi,Adventure,Action,7.2,144,5,PG-13,DreamWorks,2007,Michael Bay
88,203,29-Jun-07,Ratatouille,150000000,206445654,626549695,Animation,Comedy,Animation,8.0,111,6,G,Pixar,2007,"Brad Bird, Jan Pinkava"
89,769,26-Jul-07,The Simpsons Movie,72500000,183135014,527071022,Comedy,Animation,Adventure,7.4,87,8,PG-13,20th Century Fox,2007,David Silverman
90,949,9-Mar-07,300,60000000,210614939,454161935,War,Fantasy,Action,7.8,117,10,R,Warner Bros,2007,Zack Snyder
91,713,31-Mar-06,Ice Age: The Meltdown,75000000,195330621,651899282,Animation,Adventure,Action,6.9,91,3,PG,20th Century Fox,2006,Carlos Saldanha
92,413,17-Nov-06,Casino Royale,102000000,167365000,594420283,Thriller,Adventure,Action,8.0,144,4,PG-13,Metro-Goldwyn-Mayer,2006,Martin Campbell
93,413,17-Nov-06,Casino Royale,102000000,167365000,594420283,Thriller,Adventure,Action,8.0,144,4,PG-13,Metro-Goldwyn-Mayer,2006,Martin Campbell
94,"3,671",28-Apr-67,Casino Royale, 12000000, 22744718, 41744718,Thriller,Adventure,Action,8.0,144,4,PG-13,Metro-Goldwyn-Mayer,2006,Martin Campbell
95,"3,671",28-Apr-67,Casino Royale, 12000000, 22744718, 41744718,Thriller,Adventure,Action,8.0,144,4,PG-13,Metro-Goldwyn-Mayer,2006,Martin Campbell
96,368,22-Dec-06,Night at the Museum,110000000,250863268,579446407,Comedy,Adventure,Action,6.4,108,5,PG,20th Century Fox,2006,Shawn Levy
97,783,1-May-06,Cars,70000000,244082982,461630558,Comedy,Animation,Adventure,7.2,117,6,G,Pixar,2006,"John Lasseter, Joe Ranft"
98,42,26-May-06,X-Men: The Last Stand,210000000,234362462,459260946,Sci-Fi,Adventure,Action,6.8,104,7,PG-13,20th Century Fox,2006,Brett Ratner
99,218,5-May-06,Mission: Impossible III,150000000,133501348,399387745,Thriller,Adventure,Action,6.8,126,8,PG-13,Paramount Pictures,2006,J.J. Abrams
100,26,28-Jun-06,Superman Returns,232000000,200120000,391081192,Fantasy,Adventure,Action,6.1,154,9,PG-13,Warner Bros,2006,Bryan Singer
101,563,17-Nov-06,Happy Feet,85000000,198000317,385000315,Animation,Comedy,Animation,6.5,108,10,PG,Warner Bros,2006,"George Miller, Warren Coleman, Judy Morris"
102,196,18-Nov-05,Harry Potter and the Goblet of Fire,150000000,290201752,886742787,Fantasy,Family,Adventure,7.6,157,1,PG-13,Warner Bros,2005,Mike Newell
103,280,24-Jun-05,War of the Worlds,132000000,234280354,606836535,Thriller,Sci-Fi,Adventure,6.5,116,4,PG-13,Paramount Pictures,2005,Steven Spielberg
104,44,14-Dec-05,King Kong,207000000,218080025,550517357,Drama,Adventure,Action,7.3,187,5,PG-13,Universal Pictures,2005,Peter Jackson
105,44,14-Dec-05,King Kong,207000000,218080025,550517357,Drama,Adventure,Action,7.3,187,5,PG-13,Universal Pictures,2005,Peter Jackson
106,44,14-Dec-05,King Kong,207000000,218080025,550517357,Drama,Adventure,Action,7.3,187,5,PG-13,Universal Pictures,2005,Peter Jackson
107,44,14-Dec-05,King Kong,207000000,218080025,550517357,Drama,Adventure,Action,7.3,187,5,PG-13,Universal Pictures,2005,Peter Jackson
108,44,14-Dec-05,King Kong,207000000,218080025,550517357,Drama,Adventure,Action,7.3,187,5,PG-13,Universal Pictures,2005,Peter Jackson
109,44,14-Dec-05,King Kong,207000000,218080025,550517357,Drama,Adventure,Action,7.3,187,5,PG-13,Universal Pictures,2005,Peter Jackson
110,"2,585",17-Dec-76,King Kong, 23000000, 52614445, 90614445,Drama,Adventure,Action,7.3,187,5,PG-13,Universal Pictures,2005,Peter Jackson
111,"2,585",17-Dec-76,King Kong, 23000000, 52614445, 90614445,Drama,Adventure,Action,7.3,187,5,PG-13,Universal Pictures,2005,Peter Jackson
112,"2,585",17-Dec-76,King Kong, 23000000, 52614445, 90614445,Drama,Adventure,Action,7.3,187,5,PG-13,Universal Pictures,2005,Peter Jackson
113,"2,585",17-Dec-76,King Kong, 23000000, 52614445, 90614445,Drama,Adventure,Action,7.3,187,5,PG-13,Universal Pictures,2005,Peter Jackson
114,"2,585",17-Dec-76,King Kong, 23000000, 52614445, 90614445,Drama,Adventure,Action,7.3,187,5,PG-13,Universal Pictures,2005,Peter Jackson
115,"2,585",17-Dec-76,King Kong, 23000000, 52614445, 90614445,Drama,Adventure,Action,7.3,187,5,PG-13,Universal Pictures,2005,Peter Jackson
116,"5,922",7-Apr-33,King Kong, 672000, 10000000, 10001781,Drama,Adventure,Action,7.3,187,5,PG-13,Universal Pictures,2005,Peter Jackson
117,"5,922",7-Apr-33,King Kong, 672000, 10000000, 10001781,Drama,Adventure,Action,7.3,187,5,PG-13,Universal Pictures,2005,Peter Jackson
118,"5,922",7-Apr-33,King Kong, 672000, 10000000, 10001781,Drama,Adventure,Action,7.3,187,5,PG-13,Universal Pictures,2005,Peter Jackson
119,"5,922",7-Apr-33,King Kong, 672000, 10000000, 10001781,Drama,Adventure,Action,7.3,187,5,PG-13,Universal Pictures,2005,Peter Jackson
120,"5,922",7-Apr-33,King Kong, 672000, 10000000, 10001781,Drama,Adventure,Action,7.3,187,5,PG-13,Universal Pictures,2005,Peter Jackson
121,"5,922",7-Apr-33,King Kong, 672000, 10000000, 10001781,Drama,Adventure,Action,7.3,187,5,PG-13,Universal Pictures,2005,Peter Jackson
122,714,27-May-05,Madagascar,75000000,193595521,556559566,Comedy,Animation,Adventure,6.9,86,6,PG,DreamWorks,2005,"Eric Darnell, Tom McGrath"
123,202,15-Jul-05,Charlie and the Chocolate Factory,150000000,206459076,475825484,Comedy,Adventure,Family,6.7,115,8,PG,Warner Bros,2005,Tim Burton
124,782,19-May-04,Shrek 2,70000000,441226247,935253978,Comedy,Animation,Adventure,7.2,93,1,PG,DreamWorks,2004,"Andrew Adamson, Kelly Asbury, Conrad Vernon"
125,283,31-May-04,Harry Potter and the Prisoner of Azkaban,130000000,249757726,789592708,Fantasy,Family,Adventure,7.8,142,2,PG,Warner Bros,2004,Alfonso Cuarón
126,497,22-Oct-04,The Incredibles,92000000,261441092,631441092,Animation,Adventure,Action,8.0,115,4,PG,Pixar,2004,Brad Bird
127,315,27-May-04,The Day After Tomorrow,125000000,186740799,555840117,Sci-Fi,Adventure,Action,6.4,124,6,PG-13,20th Century Fox,2004,Roland Emmerich
128,716,20-Sep-04,Shark Tale,75000000,161412000,371741123,Comedy,Adventure,Animation,6.0,90,9,PG,DreamWorks,2004,"Bibo Bergeron, Vicky Jenson, Rob Letterman"
129,489,17-Dec-03,The Lord of the Rings: The Return of the King,94000000,377845905,1120210896,Fantasy,Adventure,Western,8.9,201,1,PG-13,Warner Bros,2003,Peter Jackson
130,488,30-May-03,Finding Nemo,94000000,380529370,936094852,Comedy,Animation,Adventure,8.2,100,2,G,Pixar,2003,"Andrew Stanton, Lee Unkrich"
131,614,23-May-03,Bruce Almighty,81000000,242704995,484468608,Fantasy,Drama,Comedy,6.7,101,5,PG-13,Universal Pictures,2003,Tom Shadyac
132,256,5-Dec-03,The Last Samurai,140000000,111110575,456810575,History,Drama,Action,7.7,154,6,R,Warner Bros,2003,Edward Zwick
133,292,18-Jul-03,Bad Boys II,130000000,138540870,273271982,Crime,Comedy,Action,6.5,147,10,R,Columbia Pictures,2003,Michael Bay
134,417,15-Nov-02,Harry Potter and the Chamber of Secrets,100000000,262233381,875262553,Fantasy,Family,Adventure,7.3,161,2,PG,Warner Bros,2002,Chris Columbus
135,247,22-Nov-02,Die Another Day,142000000,160942139,431942139,Crime,Adventure,Action,6.1,133,6,PG-13,Metro-Goldwyn-Mayer,2002,Lee Tamahori
136,781,2-Aug-02,Signs,70702619,227969295,408250578,Thriller,Sci-Fi,Drama,6.7,106,7,PG-13,Walt Disney Pictures,2002,M. Night Shyamalan
137,871,15-Mar-02,Ice Age,65000000,176387405,386116343,Comedy,Animation,Adventure,7.6,81,8,PG,20th Century Fox,2002,"Chris Wedge, Carlos Saldanha"
138,414,21-Jun-02,Minority Report,102000000,132024714,358824714,Sci-Fi,Mystery,Action,7.7,145,10,PG-13,DreamWorks,2002,Steven Spielberg
139,357,2-Nov-01,"Monsters, Inc.",115000000,290149425,560483719,Comedy,Animation,Adventure,8.1,92,3,G,Pixar,2001,"Pete Docter, David Silverman, Lee Unkrich"
140,1197,18-May-01,Shrek,50000000,267655011,491812794,Comedy,Animation,Adventure,7.9,90,4,PG,DreamWorks,2001,"Andrew Adamson, Vicky Jenson"
141,189,25-May-01,Pearl Harbor,151500000,198539855,449239853,Romance,Drama,Action,6.0,183,6,PG-13,Walt Disney Pictures,2001,Michael Bay
142,472,4-May-01,The Mummy Returns,98000000,202007640,435040395,Fantasy,Adventure,Action,6.3,130,7,PG-13,Universal Pictures,2001,Stephen Sommers
143,494,18-Jul-01,Jurassic Park III,93000000,181166115,365900000,Sci-Fi,Adventure,Action,5.9,92,8,PG-13,Universal Pictures,2001,Joe Johnston
144,420,27-Jul-01,Planet of the Apes,100000000,180011740,362211740,Sci-Fi,Adventure,Action,5.7,119,9,PG-13,20th Century Fox,2001,Tim Burton
145,420,27-Jul-01,Planet of the Apes,100000000,180011740,362211740,Sci-Fi,Adventure,Action,5.7,119,9,PG-13,20th Century Fox,2001,Tim Burton
146,"4,602",8-Feb-68,Planet of the Apes, 5800000, 33395426, 33398936,Sci-Fi,Adventure,Action,5.7,119,9,PG-13,20th Century Fox,2001,Tim Burton
147,"4,602",8-Feb-68,Planet of the Apes, 5800000, 33395426, 33398936,Sci-Fi,Adventure,Action,5.7,119,9,PG-13,20th Century Fox,2001,Tim Burton
148,558,9-Feb-01,Hannibal,87000000,165092266,350100280,Thriller,Drama,Crime,6.7,131,10,R,Metro-Goldwyn-Mayer,2001,Ridley Scott
149,869,15-Dec-00,What Women Want,65000000,182805123,374105123,Romance,Fantasy,Comedy,6.4,127,4,PG-13,Paramount Pictures,2000,Nancy Meyers
150,302,19-May-00,Dinosaur,127500000,137748063,356148063,Animation,Animation,Adventure,6.4,82,5,PG,Walt Disney Pictures,2000,"Eric Leighton, Ralph Zondag"
151,329,17-Nov-00,How the Grinch Stole Christmas,123000000,260348825,345445403,Fantasy,Family,Comedy,6.0,104,6,PG,Universal Pictures,2000,Ron Howard
152,331,30-Jun-00,The Perfect Storm,120000000,182618434,328711434,Drama,Adventure,Action,6.4,130,8,PG-13,Warner Bros,2000,Wolfgang Petersen
153,717,14-Jul-00,X-Men,75000000,157299717,296872367,Sci-Fi,Adventure,Action,7.4,104,9,PG-13,20th Century Fox,2000,Bryan Singer
154,512,21-Jul-00,What Lies Beneath,90000000,155464351,288693989,Thriller,Horror,Drama,6.6,130,10,PG-13,DreamWorks,2000,Robert Zemeckis
155,1512,15-Jan-99,The Sixth Sense,40000000,293506292,672806292,Thriller,Mystery,Drama,8.2,107,2,PG-13,Walt Disney Pictures,1999,M. Night Shyamalan
156,505,19-Nov-99,Toy Story 2,90000000,245852179,511358276,Comedy,Animation,Adventure,7.9,92,3,G,Walt Disney Pictures,1999,"John Lasseter, Ash Brannon, Lee Unkrich"
157,242,16-Jun-99,Tarzan,145000000,171091819,448191819,Drama,Animation,Adventure,7.2,88,5,G,Walt Disney Pictures,1999,"Chris Buck, Kevin Lima"
158,89,2-Jun-17,The Mummy,195000000,80101125,409953905,Fantasy,Adventure,Action,7.0,125,6,PG-13,Universal Pictures,1999,Stephen Sommers
159,89,2-Jun-17,The Mummy,195000000,80101125,409953905,Fantasy,Adventure,Action,7.0,125,6,PG-13,Universal Pictures,1999,Stephen Sommers
160,623,7-May-99,The Mummy,80000000,155385488,416385488,Fantasy,Adventure,Action,7.0,125,6,PG-13,Universal Pictures,1999,Stephen Sommers
161,623,7-May-99,The Mummy,80000000,155385488,416385488,Fantasy,Adventure,Action,7.0,125,6,PG-13,Universal Pictures,1999,Stephen Sommers
162,1480,28-May-99,Notting Hill,42000000,116089678,363718196,Romance,Drama,Comedy,7.0,124,7,PG-13,Universal Pictures,1999,Roger Michell
163,1789,10-Jun-99,Austin Powers: The Spy Who Shagged Me,35000000,206040085,312383487,Comedy,Adventure,Action,6.6,95,10,PG-13,Warner Bros,1999,Jay Roach
164,250,1-Jul-98,Armageddon,140000000,201578182,554600000,Sci-Fi,Adventure,Action,6.6,151,1,PG-13,Walt Disney Pictures,1998,Michael Bay
165,868,24-Jul-98,Saving Private Ryan,65000000,216335085,485035085,War,Drama,Action,8.6,169,2,R,DreamWorks,1998,Steven Spielberg
166,175,14-May-14,Godzilla,160000000,200676069,529076069,Thriller,Sci-Fi,Action,5.3,139,3,PG-13,Sony Pictures,1998,Gareth Edwards
167,175,14-May-14,Godzilla,160000000,200676069,529076069,Thriller,Sci-Fi,Action,5.3,139,3,PG-13,Sony Pictures,1998,Gareth Edwards
168,319,19-May-98,Godzilla,125000000,136314294,376000000,Thriller,Sci-Fi,Action,5.3,139,3,PG-13,Sony Pictures,1998,Gareth Edwards
169,319,19-May-98,Godzilla,125000000,136314294,376000000,Thriller,Sci-Fi,Action,5.3,139,3,PG-13,Sony Pictures,1998,Gareth Edwards
170,626,8-May-98,Deep Impact,80000000,140464664,349464664,Sci-Fi,Drama,Action,6.1,120,6,PG-13,DreamWorks,1998,Mimi Leder
171,85,4-Sep-20,Mulan,200000000,0,69973540,Family,Animation,Adventure,7.5,88,7,G,Walt Disney Pictures,1998,"Tony Bancroft, Barry Cook"
172,85,4-Sep-20,Mulan,200000000,0,69973540,Family,Animation,Adventure,7.5,88,7,G,Walt Disney Pictures,1998,"Tony Bancroft, Barry Cook"
173,518,19-Jun-98,Mulan,90000000,120620254,303500000,Family,Animation,Adventure,7.5,88,7,G,Walt Disney Pictures,1998,"Tony Bancroft, Barry Cook"
174,518,19-Jun-98,Mulan,90000000,120620254,303500000,Family,Animation,Adventure,7.5,88,7,G,Walt Disney Pictures,1998,"Tony Bancroft, Barry Cook"
175,"2,315",11-Dec-98,Shakespeare in Love, 26000000, 100317794, 279500000,Romance,Drama,Comedy,7.2,123,9,R,Universal Pictures,1998,John Madden
176,254,10-Jul-98,Lethal Weapon 4,140000000,130444603,285400000,Thriller,Crime,Action,6.6,127,10,R,Warner Bros,1998,Richard Donner
177,712,22-May-97,The Lost World: Jurassic Park,75000000,229086679,618638999,Sci-Fi,Adventure,Action,6.5,129,2,PG-13,Universal Pictures,1997,Steven Spielberg
178,376,19-Dec-97,Tomorrow Never Dies,110000000,125304276,339504276,Thriller,Adventure,Action,6.5,119,4,PG-13,Metro-Goldwyn-Mayer,1997,Roger Spottiswoode
179,566,25-Jul-97,Air Force One,85000000,172956409,315268353,Drama,Adventure,Action,6.4,124,5,R,Columbia Pictures,1997,Wolfgang Petersen
180,483,9-May-97,The Fifth Element,95000000,63570862,263892820,Sci-Fi,Adventure,Action,7.6,126,9,PG-13,Columbia Pictures,1997,Luc Besson
181,"5,041",13-Aug-97,The Full Monty, 3500000, 45950122, 261249383,Music,Drama,Comedy,7.2,91,10,R,20th Century Fox,1997,Peter Cattaneo
182,708,2-Jul-96,Independence Day,75000000,306169255,817400878,Sci-Fi,Adventure,Action,6.9,145,1,PG-13,20th Century Fox,1996,Roland Emmerich
183,553,10-May-96,Twister,88000000,241688385,495700000,Drama,Adventure,Action,6.2,113,2,PG-13,Warner Bros,1996,Jan de Bont
184,618,21-May-96,Mission: Impossible,80000000,180981886,457697994,Thriller,Adventure,Action,7.1,110,3,PG-13,Paramount Pictures,1996,Brad Bird
185,719,7-Jun-96,The Rock,75000000,134069511,336069511,Thriller,Adventure,Action,7.4,136,4,R,Walt Disney Pictures,1996,Michael Bay
186,433,21-Jun-96,The Hunchback of Notre Dame,100000000,100138851,325500000,Family,Drama,Animation,6.9,91,5,G,Walt Disney Pictures,1996,"Gary Trousdale, Kirk Wise"
187,1101,28-Jun-96,The Nutty Professor,55000000,128814019,273814019,Sci-Fi,Romance,Comedy,5.5,95,8,PG-13,Universal Pictures,1996,Tom Shadyac
188,1201,13-Dec-96,Jerry Maguire,50000000,153952592,273552592,Romance,Drama,Comedy,7.3,139,9,R,Sony Pictures,1996,Cameron Crowe
189,432,21-Jun-96,Eraser,100000000,101295562,234400000,Thriller,Drama,Action,6.0,115,10,R,Warner Bros,1996,Chuck Russell
190,"2,006",22-Nov-95,Toy Story, 30000000, 192523233, 365270951,Comedy,Animation,Adventure,8.3,81,2,G,Walt Disney Pictures,1995,John Lasseter
191,873,30-Jun-95,Apollo 13,65000000,173772767,335802271,History,Drama,Adventure,7.6,140,3,PG,Universal Pictures,1995,Ron Howard
192,1099,10-Jun-95,Pocahontas,55000000,141579773,347100000,Drama,Animation,Adventure,6.6,81,5,G,Walt Disney Pictures,1995,"Mike Gabriel, Eric Goldberg"
193,419,16-Jun-95,Batman Forever,100000000,184031112,336529144,Fantasy,Adventure,Action,5.4,121,6,PG-13,Warner Bros,1995,Joel Schumacher
194,1109,26-May-95,Casper,55000000,100328194,282300000,Fantasy,Family,Comedy,6.0,100,8,PG,Universal Pictures,1995,Brad Silberling
195,138,28-Jul-95,Waterworld,175000000,88246220,264246220,Sci-Fi,Adventure,Action,6.1,135,9,PG-13,Universal Pictures,1995,Kevin Reynolds
196,883,15-Dec-95,Jumanji,65000000,100458310,262758310,Fantasy,Family,Adventure,6.8,104,10,PG,Sony Pictures,1995,Joe Johnston
197,15,11-Jul-19,The Lion King,260000000,543638043,1647733638,Drama,Animation,Adventure,8.5,89,1,G,Walt Disney Pictures,1994,"Roger Allers, Rob Minkoff"
198,15,11-Jul-19,The Lion King,260000000,543638043,1647733638,Drama,Animation,Adventure,8.5,89,1,G,Walt Disney Pictures,1994,"Roger Allers, Rob Minkoff"
199,690,15-Jun-94,The Lion King,79300000,421785283,986193783,Drama,Animation,Adventure,8.5,89,1,G,Walt Disney Pictures,1994,"Roger Allers, Rob Minkoff"
200,690,15-Jun-94,The Lion King,79300000,421785283,986193783,Drama,Animation,Adventure,8.5,89,1,G,Walt Disney Pictures,1994,"Roger Allers, Rob Minkoff"
201,425,15-Jul-94,True Lies,100000000,146282411,365300000,Thriller,Comedy,Action,7.2,141,3,R,20th Century Fox,1994,James Cameron
202,"3,003",29-Jul-94,The Mask, 18000000, 119920129, 351620129,Fantasy,Crime,Comedy,6.8,101,4,PG-13,Warner Bros,1994,Chuck Russell
203,"2,012",10-Jun-94,Speed, 30000000, 121248145, 283200000,Thriller,Crime,Action,7.2,116,5,R,20th Century Fox,1994,Jan de Bont
204,1381,27-May-94,The Flintstones,45000000,130531208,358500000,Fantasy,Family,Comedy,4.8,91,6,PG,Universal Pictures,1994,Brian Levant
205,"4,860",9-Mar-94,Four Weddings and a Funeral, 4500000, 52700832, 242895809,Romance,Drama,Comedy,7.1,117,8,R,Universal Pictures,1994,Mike Newell
206,933,3-Aug-94,Clear and Present Danger,62000000,122012656,207500000,Drama,Crime,Action,6.9,141,10,PG-13,Paramount Pictures,1994,Phillip Noyce
207,928,11-Jun-93,Jurassic Park,63000000,402523348,1045573035,Thriller,Sci-Fi,Adventure,8.0,127,1,PG-13,Universal Pictures,1993,Steven Spielberg
208,"2,356",24-Nov-93,Mrs. Doubtfire, 25000000, 219195051, 441286003,Family,Drama,Comedy,6.9,125,2,PG-13,20th Century Fox,1993,Chris Columbus
209,1462,6-Aug-93,The Fugitive,44000000,183875760,353715317,Crime,Adventure,Action,7.8,130,3,PG-13,Warner Bros,1993,Andrew Davis
210,1478,30-Jun-93,The Firm,42000000,158340892,270340892,Thriller,Mystery,Drama,6.8,154,5,R,Paramount Pictures,1993,Sydney Pollack
211,887,28-May-93,Cliffhanger,65000000,84049211,255000000,Thriller,Adventure,Action,6.3,112,7,R,Sony Pictures,1993,Renny Harlin
212,1386,17-Dec-93,The Pelican Brief,45000000,100768056,187995859,Drama,Crime,Action,6.5,141,10,PG-13,Warner Bros,1993,Alan J. Pakula
213,109,22-May-19,Aladdin,182000000,355559216,1046587513,Comedy,Animation,Adventure,8.0,90,1,G,Walt Disney Pictures,1992,"Ron Clements, John Musker"
214,109,22-May-19,Aladdin,182000000,355559216,1046587513,Comedy,Animation,Adventure,8.0,90,1,G,Walt Disney Pictures,1992,"Ron Clements, John Musker"
215,"2,221",11-Nov-92,Aladdin, 28000000, 217350219, 504050219,Comedy,Animation,Adventure,8.0,90,1,G,Walt Disney Pictures,1992,"Ron Clements, John Musker"
216,"2,221",11-Nov-92,Aladdin, 28000000, 217350219, 504050219,Comedy,Animation,Adventure,8.0,90,1,G,Walt Disney Pictures,1992,"Ron Clements, John Musker"
217,"2,363",25-Nov-92,The Bodyguard, 25000000, 122006740, 411006740,Music,Drama,Action,6.1,129,2,R,Warner Bros,1992,Mick Jackson
218,"2,706",20-Nov-92,Home Alone 2: Lost in New York, 20000000, 173585516, 358994850,Family,Comedy,Adventure,6.5,120,3,PG,20th Century Fox,1992,Chris Columbus
219,1791,15-May-92,Lethal Weapon 3,35000000,144731527,319700000,Thriller,Crime,Action,6.7,118,5,R,Warner Bros,1992,Richard Donner
220,1200,14-Jun-91,Robin Hood: Prince of Thieves,50000000,165493908,390500000,Drama,Adventure,Action,6.9,143,2,PG-13,Warner Bros,1991,Kevin Reynolds
221,168,16-Mar-17,Beauty and the Beast,160000000,504014165,1270042058,Fantasy,Family,Animation,8.0,84,3,G,Walt Disney Pictures,1991,"Gary Trousdale, Kirk Wise"
222,168,16-Mar-17,Beauty and the Beast,160000000,504014165,1270042058,Fantasy,Family,Animation,8.0,84,3,G,Walt Disney Pictures,1991,"Gary Trousdale, Kirk Wise"
223,"2,704",13-Nov-91,Beauty and the Beast, 20000000, 206333165, 438656843,Fantasy,Family,Animation,8.0,84,3,G,Walt Disney Pictures,1991,"Gary Trousdale, Kirk Wise"
224,"2,704",13-Nov-91,Beauty and the Beast, 20000000, 206333165, 438656843,Fantasy,Family,Animation,8.0,84,3,G,Walt Disney Pictures,1991,"Gary Trousdale, Kirk Wise"
225,792,11-Dec-91,Hook,70000000,119654823,300854823,Family,Comedy,Adventure,6.7,142,4,PG,Sony Pictures,1991,Steven Spielberg
226,1552,20-Dec-91,JFK,40000000,70405498,205400000,Thriller,History,Drama,8.0,189,6,R,Warner Bros,1991,Oliver Stone
227,"2,617",13-Jul-90,Ghost, 22000000, 217631306, 517599988,Romance,Fantasy,Drama,7.0,127,1,PG-13,Paramount Pictures,1990,Jerry Zucker
228,"2,960",9-Nov-90,Dances with Wolves, 19000000, 184208842, 424208805,Drama,Western,Adventure,8.0,181,4,PG-13,Metro-Goldwyn-Mayer,1990,Kevin Costner
229,325,3-Aug-12,Total Recall,125000000,58877969,211856088,Action,Sci-Fi,Mystery,7.5,113,5,R,Sony Pictures,1990,Paul Verhoeven
230,325,3-Aug-12,Total Recall,125000000,58877969,211856088,Action,Sci-Fi,Mystery,7.5,113,5,R,Sony Pictures,1990,Paul Verhoeven
231,877,1-Jun-90,Total Recall,65000000,119394839,261399830,Action,Sci-Fi,Mystery,7.5,113,5,R,Sony Pictures,1990,Paul Verhoeven
232,877,1-Jun-90,Total Recall,65000000,119394839,261399830,Action,Sci-Fi,Mystery,7.5,113,5,R,Sony Pictures,1990,Paul Verhoeven
233,1537,24-May-90,Back to the Future Part III,40000000,88055283,244087259,Romance,Comedy,Adventure,7.4,118,6,PG,Universal Pictures,1990,Robert Zemeckis
234,313,8-Aug-14,Teenage Mutant Ninja Turtles,125000000,191204754,485004754,Comedy,Adventure,Action,6.7,93,9,PG,Warner Bros,1990,Jonathan Liebesman
235,313,8-Aug-14,Teenage Mutant Ninja Turtles,125000000,191204754,485004754,Comedy,Adventure,Action,6.7,93,9,PG,Warner Bros,1990,Jonathan Liebesman
236,"3,512",30-Mar-90,Teenage Mutant Ninja Turtles, 13500000, 135265915, 202000000,Comedy,Adventure,Action,6.7,93,9,PG,Warner Bros,1990,Jonathan Liebesman
237,"3,512",30-Mar-90,Teenage Mutant Ninja Turtles, 13500000, 135265915, 202000000,Comedy,Adventure,Action,6.7,93,9,PG,Warner Bros,1990,Jonathan Liebesman
238,"2,316",21-Dec-90,Kindergarten Cop, 26000000, 91457688, 202000000,Crime,Comedy,Action,6.0,111,10,PG-13,Universal Pictures,1990,Ivan Reitman
239,1523,22-Nov-89,Back to the Future Part II,40000000,118450002,331971868,Sci-Fi,Comedy,Adventure,7.8,108,3,PG,Universal Pictures,1989,Robert Zemeckis
240,"3,453",20-Dec-89,Born on the Fourth of July, 14000000, 70001698, 70001698,War,Drama,Biography,7.2,145,10,R,Universal Pictures,1989,Oliver Stone
241,"3,004",3-Jun-88,Big, 18000000, 114968774, 151665347,Fantasy,Drama,Comedy,7.3,104,4,PG,20th Century Fox,1988,Penny Marshall
242,"2,727",29-Jul-88,Cocktail, 20000000, 78222753, 78222753,Romance,Drama,Comedy,5.8,104,9,R,Walt Disney Pictures,1988,Roger Donaldson
243,"2,708",20-May-87,Beverly Hills Cop II, 20000000, 153665036, 276665036,Crime,Comedy,Action,6.4,100,3,R,Paramount Pictures,1987,Tony Scott
244,"2,376",3-Jun-87,The Untouchables, 25000000, 76270454, 76271995,Thriller,Drama,Crime,8.0,119,6,R,Paramount Pictures,1987,Brian De Palma
245,"3,276",6-Mar-87,Lethal Weapon, 15000000, 65192350, 120192350,Thriller,Crime,Action,7.6,110,9,R,Warner Bros,1987,Richard Donner
246,"3,257",16-May-86,Top Gun, 15000000, 180470489, 357469522,Romance,Drama,Action,6.8,110,1,PG,Paramount Pictures,1986,Tony Scott
247,"2,535",26-Nov-86,Star Trek IV: The Voyage Home, 24000000, 109713132, 133000000,Comedy,Adventure,Action,7.3,119,5,PG,Paramount Pictures,1986,Leonard Nimoy
248,"3,113",18-Jul-86,Aliens, 17000000, 85160248, 183300764,Sci-Fi,Adventure,Action,8.4,137,7,R,20th Century Fox,1986,James Cameron
249,"3,635",12-Dec-86,The Golden Child, 12000000, 79817937, 79817937,Comedy,Adventure,Action,5.8,94,9,PG-13,Paramount Pictures,1986,Michael Ritchie
250,"2,959",3-Jul-85,Back to the Future, 19000000, 212259762, 385510132,Romance,Comedy,Adventure,8.5,116,1,PG,Universal Pictures,1985,Robert Zemeckis
251,1463,22-May-85,Rambo: First Blood Part II,44000000,150415432,300400000,Thriller,Adventure,Action,6.4,96,2,R,Sony Pictures,1985,George P. Cosmatos
252,"3,641",8-Feb-85,Witness, 12000000, 65532576, 65532576,Romance,Drama,Crime,7.5,112,8,R,Paramount Pictures,1985,Peter Weir
253,"2,222",23-May-84,Indiana Jones and the Temple of Doom, 28000000, 179880271, 333080271,Action,Adventure,Drama,7.6,118,3,PG,Paramount Pictures,1984,Steven Spielberg
254,1514,11-Jun-10,The Karate Kid,40000000,176591618,351774938,Family,Drama,Action,7.2,126,5,PG,Columbia Pictures,1984,John G. Avildsen
255,1514,11-Jun-10,The Karate Kid,40000000,176591618,351774938,Family,Drama,Action,7.2,126,5,PG,Columbia Pictures,1984,John G. Avildsen
256,"4,218",22-Jun-84,The Karate Kid, 8000000, 90815558, 90857623,Family,Drama,Action,7.2,126,5,PG,Columbia Pictures,1984,John G. Avildsen
257,"4,218",22-Jun-84,The Karate Kid, 8000000, 90815558, 90857623,Family,Drama,Action,7.2,126,5,PG,Columbia Pictures,1984,John G. Avildsen
258,"2,545",14-Oct-11,Footloose, 24000000, 51802742, 62989834,Romance,Music,Drama,6.4,107,7,R,Paramount Pictures,1984,Herbert Ross
259,"2,545",14-Oct-11,Footloose, 24000000, 51802742, 62989834,Romance,Music,Drama,6.4,107,7,R,Paramount Pictures,1984,Herbert Ross
260,"4,215",17-Feb-84,Footloose, 8200000, 80000000, 80008943,Romance,Music,Drama,6.4,107,7,R,Paramount Pictures,1984,Herbert Ross
261,"4,215",17-Feb-84,Footloose, 8200000, 80000000, 80008943,Romance,Music,Drama,6.4,107,7,R,Paramount Pictures,1984,Herbert Ross
262,"3,007",1-Jun-84,Star Trek III: The Search for Spock, 18000000, 76471046, 87000000,Sci-Fi,Adventure,Action,6.6,105,10,PG,Paramount Pictures,1984,Leonard Nimoy
263,"4,356",15-Apr-83,Flashdance, 7000000, 90463574, 201463574,Romance,Music,Drama,6.1,95,3,R,Paramount Pictures,1983,Adrian Lyne
264,"2,273",10-Jun-83,Octopussy, 27500000, 67900000, 187500000,Thriller,Adventure,Action,6.6,131,6,PG,Metro-Goldwyn-Mayer,1983,John Glen
265,"3,833",11-Jun-82,E.T. the Extra-Terrestrial, 10500000, 439251124, 797103542,Sci-Fi,Family,Western,7.9,115,1,PG,Universal Pictures,1982,Steven Spielberg
266,"3,636",4-Jun-82,Star Trek II: The Wrath of Khan, 12000000, 78912963, 95800000,Drama,Adventure,Action,7.7,113,6,PG,Paramount Pictures,1982,Nicholas Meyer
267,886,18-Dec-14,Annie,65000000,85911262,139829625,Family,Drama,Comedy,6.5,127,10,PG,Columbia Pictures,1982,John Huston
268,1162,19-Jun-81,Superman II,54000000,108185706,190400000,Sci-Fi,Romance,Action,6.8,127,3,PG,Warner Bros,1981,"Richard Lester, Richard Donner"
269,"4,619",25-Sep-81,Chariots of Fire, 5500000, 61558162, 61910507,Sport,History,Drama,7.2,119,7,PG,Warner Bros,1981,Hugh Hudson
270,"2,239",26-Jun-81,For Your Eyes Only, 28000000, 54800000, 195300000,Thriller,Adventure,Action,6.8,127,8,PG,Metro-Goldwyn-Mayer,1981,John Glen
271,"3,654",6-Nov-81,Time Bandits, 12000000, 37400000, 37400000,Fantasy,Comedy,Adventure,7.0,110,10,PG,Embassy Pictures,1981,Terry Gilliam
272,"4,861",20-Jun-80,The Blue Lagoon, 4500000, 47923795, 47923795,Romance,Drama,Adventure,5.7,104,9,R,Columbia Pictures,1980,Randal Kleiser
273,"2,286",20-Jun-80,The Blues Brothers, 27000000, 57229890, 57245093,Crime,Comedy,Action,8.0,133,10,R,Universal Pictures,1980,John Landis
274,1799,7-Dec-79,Star Trek: The Motion Picture,35000000,82258456,139000000,Sci-Fi,Mystery,Adventure,6.4,132,5,PG,Paramount Pictures,1979,Robert Wise
275,1995,29-Jun-79,Moonraker,31000000,70300000,210300000,Crime,Adventure,Action,6.2,126,9,PG,Metro-Goldwyn-Mayer,1979,Lewis Gilbert
276,"4,219",22-Jun-79,The Muppet Movie, 8000000, 76657000, 76657000,Family,Comedy,Adventure,7.7,95,10,G,Metro-Goldwyn-Mayer,1979,James Frawley
277,1100,15-Dec-78,Superman,55000000,134218018,300200000,Sci-Fi,Drama,Action,7.3,143,2,PG,Warner Bros,1978,Richard Donner
278,"3,267",28-Jun-78,Heaven Can Wait, 15000000, 98800000, 98800000,Sport,Romance,Comedy,6.9,101,5,PG,Paramount Pictures,1978,"Warren Beatty, Buck Henry"
279,"2,324",15-Jun-77,A Bridge Too Far, 26000000, 50800000, 50800000,War,History,Drama,7.4,175,7,PG,Metro-Goldwyn-Mayer,1977,Richard Attenborough
280,"3,459",13-Jul-77,The Spy Who Loved Me, 14000000, 46800000, 185400000,Thriller,Adventure,Action,7.1,125,9,PG,Metro-Goldwyn-Mayer,1977,Lewis Gilbert
281,"4,918",20-Apr-77,Annie Hall, 4000000, 38251425, 38251425,Romance,Drama,Comedy,8.1,93,10,PG,Metro-Goldwyn-Mayer,1977,Woody Allen
282,"2,387",6-Jun-06,The Omen, 25000000, 54607383, 119295584,Thriller,Horror,Drama,7.6,111,5,R,20th Century Fox,1976,Richard Donner
283,"2,387",6-Jun-06,The Omen, 25000000, 54607383, 119295584,Thriller,Horror,Drama,7.6,111,5,R,20th Century Fox,1976,Richard Donner
284,"5,254",25-Jun-76,The Omen, 2800000, 48570885, 48577431,Thriller,Horror,Drama,7.6,111,5,R,20th Century Fox,1976,Richard Donner
285,"5,254",25-Jun-76,The Omen, 2800000, 48570885, 48577431,Thriller,Horror,Drama,7.6,111,5,R,20th Century Fox,1976,Richard Donner
286,44,14-Dec-05,King Kong,207000000,218080025,550517357,Horror,Fantasy,Adventure,5.8,134,7,PG,Paramount Pictures,1976,Peter Jackson
287,44,14-Dec-05,King Kong,207000000,218080025,550517357,Horror,Fantasy,Adventure,5.8,134,7,PG,Paramount Pictures,1976,Peter Jackson
288,44,14-Dec-05,King Kong,207000000,218080025,550517357,Horror,Fantasy,Adventure,5.8,134,7,PG,Paramount Pictures,1976,Peter Jackson
289,44,14-Dec-05,King Kong,207000000,218080025,550517357,Horror,Fantasy,Adventure,5.8,134,7,PG,Paramount Pictures,1976,Peter Jackson
290,44,14-Dec-05,King Kong,207000000,218080025,550517357,Horror,Fantasy,Adventure,5.8,134,7,PG,Paramount Pictures,1976,Peter Jackson
291,44,14-Dec-05,King Kong,207000000,218080025,550517357,Horror,Fantasy,Adventure,5.8,134,7,PG,Paramount Pictures,1976,Peter Jackson
292,"2,585",17-Dec-76,King Kong, 23000000, 52614445, 90614445,Horror,Fantasy,Adventure,5.8,134,7,PG,Paramount Pictures,1976,Peter Jackson
293,"2,585",17-Dec-76,King Kong, 23000000, 52614445, 90614445,Horror,Fantasy,Adventure,5.8,134,7,PG,Paramount Pictures,1976,Peter Jackson
294,"2,585",17-Dec-76,King Kong, 23000000, 52614445, 90614445,Horror,Fantasy,Adventure,5.8,134,7,PG,Paramount Pictures,1976,Peter Jackson
295,"2,585",17-Dec-76,King Kong, 23000000, 52614445, 90614445,Horror,Fantasy,Adventure,5.8,134,7,PG,Paramount Pictures,1976,Peter Jackson
296,"2,585",17-Dec-76,King Kong, 23000000, 52614445, 90614445,Horror,Fantasy,Adventure,5.8,134,7,PG,Paramount Pictures,1976,Peter Jackson
297,"2,585",17-Dec-76,King Kong, 23000000, 52614445, 90614445,Horror,Fantasy,Adventure,5.8,134,7,PG,Paramount Pictures,1976,Peter Jackson
298,"5,922",7-Apr-33,King Kong, 672000, 10000000, 10001781,Horror,Fantasy,Adventure,5.8,134,7,PG,Paramount Pictures,1976,Peter Jackson
299,"5,922",7-Apr-33,King Kong, 672000, 10000000, 10001781,Horror,Fantasy,Adventure,5.8,134,7,PG,Paramount Pictures,1976,Peter Jackson
300,"5,922",7-Apr-33,King Kong, 672000, 10000000, 10001781,Horror,Fantasy,Adventure,5.8,134,7,PG,Paramount Pictures,1976,Peter Jackson
301,"5,922",7-Apr-33,King Kong, 672000, 10000000, 10001781,Horror,Fantasy,Adventure,5.8,134,7,PG,Paramount Pictures,1976,Peter Jackson
302,"5,922",7-Apr-33,King Kong, 672000, 10000000, 10001781,Horror,Fantasy,Adventure,5.8,134,7,PG,Paramount Pictures,1976,Peter Jackson
303,"5,922",7-Apr-33,King Kong, 672000, 10000000, 10001781,Horror,Fantasy,Adventure,5.8,134,7,PG,Paramount Pictures,1976,Peter Jackson
304,445,7-Nov-19,Midway,100000000,56846802,126815030,History,Drama,Action,6.7,132,10,PG,Universal Pictures,1976,Roland Emmerich
305,"4,676",16-May-75,The Return of the Pink Panther, 5000000, 41833347, 41833347,Thriller,Crime,Comedy,7.1,113,6,G,Metro-Goldwyn-Mayer,1975,Blake Edwards
